City_ID,City,Country,Date,Lat,Lng,Max Temp,Humidity,Cloudiness,Wind Speed,Current Description
0,Pokrovsk,UA,2022-03-30 13:06:48,48.282,37.1758,61.92,38,100,13.82,overcast clouds
1,Mataura,NZ,2022-03-30 13:09:35,-46.1927,168.8643,53.55,98,100,1.19,overcast clouds
2,Rikitea,PF,2022-03-30 13:09:36,-23.1203,-134.9692,78.96,68,78,9.26,broken clouds
3,Longyearbyen,SJ,2022-03-30 13:09:36,78.2186,15.6401,12.04,62,0,5.75,clear sky
4,Mar Del Plata,AR,2022-03-30 13:09:36,-38.0023,-57.5575,52.88,85,40,12.66,moderate rain
5,Ribeira Grande,PT,2022-03-30 13:09:37,38.5167,-28.7,64.8,88,75,4.61,broken clouds
6,Skagen,DK,2022-03-30 13:09:37,57.7209,10.5839,34.75,42,0,7.43,clear sky
7,Punta Arenas,CL,2022-03-30 13:09:38,-53.15,-70.9167,46.51,73,75,11.5,broken clouds
8,Luderitz,NA,2022-03-30 13:09:38,-26.6481,15.1594,71.56,64,0,24.07,clear sky
9,Manaus,BR,2022-03-30 13:07:17,-3.1019,-60.025,79.29,89,75,4.61,light rain
10,Port Alfred,ZA,2022-03-30 13:09:39,-33.5906,26.891,71.19,70,100,3.0,overcast clouds
11,Abha,SA,2022-03-30 13:09:39,18.2164,42.5053,73.65,29,20,9.22,few clouds
12,Lata,PT,2022-03-30 13:09:39,40.1629,-8.3327,62.44,43,2,14.38,clear sky
13,Dharangaon,IN,2022-03-30 13:09:40,21.0167,75.2667,100.0,8,0,8.48,clear sky
14,Tuktoyaktuk,CA,2022-03-30 13:09:40,69.4541,-133.0374,-29.83,100,99,5.82,overcast clouds
15,Tasiilaq,GL,2022-03-30 13:09:40,65.6145,-37.6368,28.56,91,100,13.27,light snow
16,Barrow,US,2022-03-30 13:09:41,71.2906,-156.7887,-14.78,76,0,12.66,clear sky
17,Thompson,CA,2022-03-30 13:06:33,55.7435,-97.8558,1.26,97,100,1.74,overcast clouds
18,Farafangana,MG,2022-03-30 13:09:41,-22.8167,47.8333,78.44,76,5,13.35,light rain
19,Kodiak,US,2022-03-30 13:09:42,57.79,-152.4072,26.11,100,0,4.61,clear sky
20,Road Town,VG,2022-03-30 13:09:42,18.4167,-64.6167,80.69,65,40,12.66,scattered clouds
21,Khatanga,RU,2022-03-30 13:09:43,71.9667,102.5,11.41,96,100,6.02,light snow
22,Aykhal,RU,2022-03-30 13:09:43,66.0,111.5,3.56,100,92,6.42,overcast clouds
23,Jamestown,US,2022-03-30 13:06:42,42.097,-79.2353,31.59,61,100,6.91,overcast clouds
24,Constitucion,CL,2022-03-30 13:09:43,-35.3333,-72.4167,53.55,43,0,9.19,clear sky
25,Rio Grande,BR,2022-03-30 13:09:44,-32.035,-52.0986,61.95,84,100,21.43,overcast clouds
26,Maceio,BR,2022-03-30 13:09:44,-9.6658,-35.7353,83.64,69,75,6.91,broken clouds
27,Champerico,GT,2022-03-30 13:09:44,14.3,-91.9167,81.0,67,99,8.84,overcast clouds
28,Ponta Do Sol,PT,2022-03-30 13:09:45,32.6667,-17.1,69.71,67,0,0.11,clear sky
29,Ishigaki,JP,2022-03-30 13:09:45,24.3448,124.1572,75.74,88,100,3.87,overcast clouds
30,Arlit,NE,2022-03-30 13:09:46,18.7369,7.3853,98.58,2,12,9.1,few clouds
31,Marystown,CA,2022-03-30 13:09:46,47.1666,-55.1483,33.85,100,100,5.01,overcast clouds
32,Monroe,US,2022-03-30 13:07:53,43.1501,-77.6831,29.95,68,100,9.22,overcast clouds
33,Qaanaaq,GL,2022-03-30 13:09:46,77.484,-69.3632,17.73,86,100,3.76,overcast clouds
34,Puerto Ayora,EC,2022-03-30 13:09:47,-0.7393,-90.3518,76.55,98,100,6.11,overcast clouds
35,Remiremont,FR,2022-03-30 13:09:47,48.0175,6.5882,51.98,89,100,3.42,overcast clouds
36,Kaitangata,NZ,2022-03-30 13:09:47,-46.2817,169.8464,54.45,95,100,3.11,overcast clouds
37,Chiusi,IT,2022-03-30 13:09:48,43.016,11.9475,49.91,93,100,4.56,overcast clouds
38,Linkou,CN,2022-03-30 13:09:48,45.3,130.2833,31.06,54,2,5.19,clear sky
39,Kavieng,PG,2022-03-30 13:09:49,-2.5744,150.7967,81.57,80,72,6.96,moderate rain
40,Busselton,AU,2022-03-30 13:09:49,-33.65,115.3333,69.21,74,0,14.05,clear sky
41,Chokurdakh,RU,2022-03-30 13:09:49,70.6333,147.9167,-18.33,100,91,5.73,overcast clouds
42,Tobol,KZ,2022-03-30 13:09:50,52.6844,62.5794,36.63,84,100,24.32,overcast clouds
43,Westport,US,2022-03-30 13:09:51,41.1415,-73.3579,35.78,45,0,8.05,clear sky
44,Pleasantville,US,2022-03-30 13:09:51,39.3898,-74.524,37.96,48,0,6.91,clear sky
45,Grand-Lahou,CI,2022-03-30 13:10:51,5.1367,-5.0242,85.33,69,100,7.18,light rain
46,Bubaque,GW,2022-03-30 13:10:52,11.2833,-15.8333,78.01,75,0,10.65,clear sky
47,Ardabil,IR,2022-03-30 13:10:52,38.2498,48.2933,62.83,25,100,15.77,overcast clouds
48,Vestmannaeyjar,IS,2022-03-30 13:10:52,63.4427,-20.2734,40.19,56,75,13.8,broken clouds
49,Menongue,AO,2022-03-30 13:10:53,-14.6585,17.691,75.54,68,82,7.94,light rain
50,Katsuura,JP,2022-03-30 13:10:53,35.1333,140.3,60.42,88,100,16.58,overcast clouds
51,Avarua,CK,2022-03-30 13:10:54,-21.2078,-159.775,78.85,94,75,5.75,broken clouds
52,Yarmouth,US,2022-03-30 13:10:54,41.7057,-70.2286,35.74,47,0,16.11,clear sky
53,Bethel,US,2022-03-30 13:10:54,41.3712,-73.414,33.19,54,0,4.61,clear sky
54,Kapaa,US,2022-03-30 13:10:55,22.0752,-159.319,71.11,98,40,3.44,scattered clouds
55,Axim,GH,2022-03-30 13:10:55,4.8699,-2.2405,86.27,68,100,6.87,light rain
56,Mahebourg,MU,2022-03-30 13:10:56,-20.4081,57.7,79.25,80,97,12.19,moderate rain
57,Los Llanos De Aridane,ES,2022-03-30 13:10:56,28.6585,-17.9182,65.12,71,20,14.97,few clouds
58,Bestobe,KZ,2022-03-30 13:10:56,52.4994,73.0975,35.02,97,100,20.94,overcast clouds
59,Nuuk,GL,2022-03-30 13:10:24,64.1835,-51.7216,25.41,93,100,16.11,light snow
60,Auki,SB,2022-03-30 13:10:57,-8.7676,160.7034,78.53,84,100,2.8,overcast clouds
61,Damietta,EG,2022-03-30 13:10:57,31.4165,31.8133,66.52,53,84,10.78,broken clouds
62,Collie,AU,2022-03-30 13:10:58,-33.3667,116.15,64.81,82,65,11.14,broken clouds
63,Boueni,YT,2022-03-30 13:10:58,-12.9025,45.0761,85.98,70,32,1.25,light rain
64,Tsumeb,NA,2022-03-30 13:10:59,-19.2333,17.7167,80.56,44,100,6.22,overcast clouds
65,Dhidhdhoo,MV,2022-03-30 13:10:59,6.8833,73.1,84.38,65,0,0.94,clear sky
66,Sovetskiy,RU,2022-03-30 13:10:59,61.3614,63.5842,25.83,89,100,4.56,light snow
67,Castro,BR,2022-03-30 13:11:00,-24.7911,-50.0119,76.84,63,98,9.46,overcast clouds
68,Larsnes,NO,2022-03-30 13:11:00,62.2028,5.5773,41.59,62,51,7.54,broken clouds
69,Yellowknife,CA,2022-03-30 13:06:55,62.456,-114.3525,-3.59,87,41,10.0,scattered clouds
70,Brae,GB,2022-03-30 13:11:01,60.3964,-1.353,39.79,62,100,20.47,overcast clouds
71,Eureka,US,2022-03-30 13:06:26,40.8021,-124.1637,49.75,79,100,7.0,overcast clouds
72,Moctezuma,MX,2022-03-30 13:11:01,29.8,-109.6667,47.55,67,0,1.77,clear sky
73,Hilo,US,2022-03-30 13:11:01,19.7297,-155.09,71.33,81,40,4.61,scattered clouds
74,Comodoro Rivadavia,AR,2022-03-30 13:11:02,-45.8667,-67.5,51.66,32,0,10.36,clear sky
75,Hobart,AU,2022-03-30 13:10:12,-42.8794,147.3294,53.46,75,75,12.66,broken clouds
76,Ushuaia,AR,2022-03-30 13:11:04,-54.8,-68.3,44.22,70,75,11.5,broken clouds
77,Atagay,RU,2022-03-30 13:11:04,55.1033,99.3875,25.83,97,84,4.25,broken clouds
78,Monrovia,LR,2022-03-30 13:09:28,6.3005,-10.7969,91.17,74,94,7.05,overcast clouds
79,Ngunguru,NZ,2022-03-30 13:11:05,-35.6167,174.5,64.15,83,96,4.38,overcast clouds
80,New Norfolk,AU,2022-03-30 13:11:05,-42.7826,147.0587,53.1,63,20,4.0,few clouds
81,Port Hardy,CA,2022-03-30 13:11:05,50.6996,-127.4199,40.15,86,100,4.79,overcast clouds
82,Atlantic City,US,2022-03-30 13:07:55,39.3643,-74.4229,36.18,48,0,6.91,clear sky
83,Bhadrachalam,IN,2022-03-30 13:11:06,17.6667,80.8833,97.56,20,4,4.54,clear sky
84,Nikolayevsk-Na-Amure,RU,2022-03-30 13:11:06,53.1406,140.73,5.63,94,49,4.18,scattered clouds
85,Bredasdorp,ZA,2022-03-30 13:11:07,-34.5322,20.0403,76.5,35,2,20.71,clear sky
86,Aba,NG,2022-03-30 13:11:07,5.1066,7.3667,99.28,33,61,2.98,broken clouds
87,Alice Springs,AU,2022-03-30 13:11:08,-23.7,133.8833,76.55,32,13,12.66,few clouds
88,Kedgwick,CA,2022-03-30 13:11:08,47.6446,-67.3434,20.53,83,89,11.14,overcast clouds
89,San Patricio,US,2022-03-30 13:11:08,28.017,-97.5169,74.89,84,62,11.18,broken clouds
90,Husavik,IS,2022-03-30 13:11:09,66.0449,-17.3389,30.81,59,27,5.1,scattered clouds
91,Kisangani,CD,2022-03-30 13:12:09,0.5167,25.2,80.92,62,100,4.34,overcast clouds
92,Sorland,NO,2022-03-30 13:12:10,67.667,12.6934,34.47,67,100,26.4,light snow
93,Plettenberg Bay,ZA,2022-03-30 13:12:10,-34.0527,23.3716,69.26,68,94,4.81,overcast clouds
94,Chara,RU,2022-03-30 13:12:11,56.9064,118.2631,7.5,73,27,3.94,scattered clouds
95,Masuda,JP,2022-03-30 13:12:11,34.6667,131.85,59.34,96,97,3.87,light rain
96,Clyde River,CA,2022-03-30 13:12:11,70.4692,-68.5914,3.43,85,100,11.5,light snow
97,Hermanus,ZA,2022-03-30 13:12:12,-34.4187,19.2345,69.24,59,3,23.26,clear sky
98,Flinders,AU,2022-03-30 13:12:12,-34.5833,150.8552,66.38,94,100,7.0,light rain
99,Albany,US,2022-03-30 13:10:42,42.6001,-73.9662,31.17,49,100,1.99,overcast clouds
100,Elk Grove,US,2022-03-30 13:12:13,38.4088,-121.3716,51.87,91,100,9.22,overcast clouds
101,Pauini,BR,2022-03-30 13:12:13,-7.7136,-66.9764,73.33,96,100,2.57,overcast clouds
102,Atuona,PF,2022-03-30 13:12:01,-9.8,-139.0333,78.13,82,70,14.58,light rain
103,Anadyr,RU,2022-03-30 13:12:13,64.75,177.4833,-10.7,77,0,6.71,clear sky
104,Salamanca,ES,2022-03-30 13:12:14,40.8333,-6.0,53.38,72,100,11.45,overcast clouds
105,Labuhan,ID,2022-03-30 13:12:15,-6.8844,112.2051,81.16,80,34,2.48,scattered clouds
106,Upernavik,GL,2022-03-30 13:12:15,72.7868,-56.1549,12.72,90,45,9.78,scattered clouds
107,Huarmey,PE,2022-03-30 13:12:15,-10.0681,-78.1522,70.81,83,100,7.52,overcast clouds
108,Panguna,PG,2022-03-30 13:12:16,-6.3164,155.4848,69.4,96,45,2.1,scattered clouds
109,Shingu,JP,2022-03-30 13:12:17,33.7333,135.9833,55.69,92,100,4.97,overcast clouds
110,Georgetown,MY,2022-03-30 13:11:30,5.4112,100.3354,85.95,74,20,0.0,few clouds
111,Puerto Ayacucho,VE,2022-03-30 13:12:17,5.6639,-67.6236,80.33,70,100,2.15,overcast clouds
112,Rock Sound,BS,2022-03-30 13:12:18,24.9,-76.2,74.7,69,0,19.3,clear sky
113,Hithadhoo,MV,2022-03-30 13:12:18,-0.6,73.0833,83.14,66,3,4.5,clear sky
114,Yashan,CN,2022-03-30 13:12:19,22.1975,109.9419,73.74,90,67,5.84,broken clouds
115,Huancabamba,PE,2022-03-30 13:12:19,-5.2386,-79.4506,63.39,82,55,0.87,broken clouds
116,Cap Malheureux,MU,2022-03-30 13:12:19,-19.9842,57.6142,79.47,77,72,5.01,broken clouds
117,Smolenka,RU,2022-03-30 13:12:20,52.1352,113.4974,14.07,52,0,6.71,clear sky
118,Ahipara,NZ,2022-03-30 13:12:20,-35.1667,173.1667,64.06,90,15,2.95,few clouds
119,Whitehorse,CA,2022-03-30 13:12:21,60.7161,-135.0538,31.8,95,100,5.75,light snow
120,Flin Flon,CA,2022-03-30 13:12:21,54.7682,-101.865,14.45,97,99,3.38,overcast clouds
121,Nuevo Progreso,MX,2022-03-30 13:12:22,23.1667,-97.95,73.89,68,68,4.0,broken clouds
122,Henties Bay,NA,2022-03-30 13:12:22,-22.116,14.2845,67.12,79,17,10.78,few clouds
123,Chuy,UY,2022-03-30 13:12:22,-33.6971,-53.4616,61.09,46,97,17.25,overcast clouds
124,Marsh Harbour,BS,2022-03-30 13:12:23,26.5412,-77.0636,74.19,63,4,16.04,clear sky
125,Mackenzie,CA,2022-03-30 13:12:23,55.2999,-123.1698,32.07,97,99,3.24,overcast clouds
126,Bluff,NZ,2022-03-30 13:12:24,-46.6,168.3333,58.75,86,100,0.89,overcast clouds
127,Nikolskoye,RU,2022-03-30 13:12:24,59.7035,30.7861,33.78,66,96,10.36,light snow
128,Kloulklubed,PW,2022-03-30 13:12:25,7.0419,134.2556,79.3,81,100,11.68,overcast clouds
129,Esmeraldas,BR,2022-03-30 13:10:16,-19.7625,-44.3139,78.12,58,3,4.32,clear sky
130,Carnarvon,AU,2022-03-30 13:11:08,-24.8667,113.6333,78.87,78,100,9.22,overcast clouds
131,Vung Tau,VN,2022-03-30 13:12:26,10.346,107.0843,76.96,91,100,19.73,heavy intensity rain
132,Vila Velha,BR,2022-03-30 13:12:26,-20.3297,-40.2925,85.95,65,0,4.0,clear sky
133,Stephenville,US,2022-03-30 13:12:26,32.2207,-98.2023,58.15,92,0,6.91,clear sky
134,Falmouth,GB,2022-03-30 13:12:27,50.1544,-5.0711,54.18,76,20,11.5,few clouds
135,Chegem,RU,2022-03-30 13:12:27,43.2833,43.1333,39.33,82,100,5.53,overcast clouds
136,Komarikhinskiy,RU,2022-03-30 13:12:28,58.0979,57.1163,27.0,93,100,5.55,light snow
137,Portoroz,SI,2022-03-30 13:12:28,45.5143,13.5921,58.37,57,75,11.5,broken clouds
138,Meulaboh,ID,2022-03-30 13:12:28,4.1363,96.1285,79.18,79,100,2.13,overcast clouds
139,Chino Valley,US,2022-03-30 13:13:29,34.7575,-112.4538,43.97,87,0,3.0,clear sky
140,Butaritari,KI,2022-03-30 13:13:29,3.0707,172.7902,81.27,69,100,11.34,overcast clouds
141,Arraial Do Cabo,BR,2022-03-30 13:13:30,-22.9661,-42.0278,77.67,84,0,15.08,clear sky
142,Lorengau,PG,2022-03-30 13:13:30,-2.0226,147.2712,82.38,79,100,9.91,overcast clouds
143,Dillon,US,2022-03-30 13:08:42,34.4166,-79.3712,57.18,68,100,8.66,overcast clouds
144,Lavrentiya,RU,2022-03-30 13:13:31,65.5833,-171.0,-2.04,89,96,5.64,overcast clouds
145,Msowero,TZ,2022-03-30 13:09:16,-6.5333,37.2,72.79,95,100,5.23,moderate rain
146,Conde,BR,2022-03-30 13:13:31,-7.2597,-34.9075,82.62,70,100,12.3,overcast clouds
147,Novyy Urengoy,RU,2022-03-30 13:13:32,66.0833,76.6333,28.69,96,100,15.32,light snow
148,Cape Town,ZA,2022-03-30 13:08:51,-33.9258,18.4232,69.12,65,37,13.56,scattered clouds
149,Opuwo,NA,2022-03-30 13:13:32,-18.0607,13.84,88.97,24,14,4.23,few clouds
150,Namatanai,PG,2022-03-30 13:13:33,-3.6667,152.4333,80.55,82,28,6.31,scattered clouds
151,Vaini,TO,2022-03-30 13:13:33,-21.2,-175.2,73.56,88,20,3.44,few clouds
152,Foki,RU,2022-03-30 13:13:33,56.693,54.3499,30.34,89,100,9.01,overcast clouds
153,Iqaluit,CA,2022-03-30 13:13:34,63.7506,-68.5145,18.88,94,100,5.41,overcast clouds
154,Batagay-Alyta,RU,2022-03-30 13:13:34,67.8006,130.4114,-6.29,97,99,5.23,overcast clouds
155,Vanavara,RU,2022-03-30 13:13:34,60.34,102.2797,17.19,96,74,4.41,broken clouds
156,Saint-Georges,GD,2022-03-30 13:13:35,12.0564,-61.7485,83.88,58,20,17.27,few clouds
157,Grand Gaube,MU,2022-03-30 13:13:35,-20.0064,57.6608,79.38,77,65,5.01,broken clouds
158,Hillsborough,US,2022-03-30 13:13:35,37.5741,-122.3794,51.73,90,100,18.41,mist
159,Banjar,ID,2022-03-30 13:13:36,-8.19,114.9675,78.84,90,98,2.33,light rain
160,Uren,RU,2022-03-30 13:13:36,57.4552,45.7852,27.66,71,100,9.86,light snow
161,Narsaq,GL,2022-03-30 13:13:37,60.9167,-46.05,48.42,67,17,3.38,few clouds
162,Araouane,ML,2022-03-30 13:13:37,18.9048,-3.5265,101.05,3,9,6.2,clear sky
163,Lompoc,US,2022-03-30 13:13:38,34.6391,-120.4579,53.78,84,100,18.99,overcast clouds
164,Faanui,PF,2022-03-30 13:13:38,-16.4833,-151.75,81.66,75,97,15.01,light rain
165,Guozhen,CN,2022-03-30 13:13:38,34.3659,107.359,60.28,50,100,2.66,overcast clouds
166,Fairbanks,US,2022-03-30 13:13:39,64.8378,-147.7164,23.09,79,100,0.0,overcast clouds
167,Petropavlovsk-Kamchatskiy,RU,2022-03-30 13:13:39,53.0452,158.6483,28.99,64,75,8.95,broken clouds
168,Buala,SB,2022-03-30 13:13:40,-8.145,159.5921,80.96,80,100,1.66,overcast clouds
169,Puerto Leguizamo,CO,2022-03-30 13:13:40,-0.1934,-74.7819,73.04,92,92,1.74,overcast clouds
170,Harper,LR,2022-03-30 13:13:40,4.375,-7.7169,84.45,71,42,6.64,light rain
171,Faya,SA,2022-03-30 13:13:41,18.3851,42.4509,73.92,17,0,8.34,clear sky
172,Tiksi,RU,2022-03-30 13:13:41,71.6872,128.8694,0.34,99,100,2.95,overcast clouds
173,Livingston,GB,2022-03-30 13:11:24,55.9029,-3.5226,45.81,63,100,11.54,overcast clouds
174,Nanortalik,GL,2022-03-30 13:13:42,60.1432,-45.2371,35.19,76,19,1.32,few clouds
175,Khandyga,RU,2022-03-30 13:13:42,62.6667,135.6,-2.52,100,95,0.38,overcast clouds
176,Klaksvik,FO,2022-03-30 13:13:43,62.2266,-6.589,38.32,51,100,19.89,overcast clouds
177,Semnan,IR,2022-03-30 13:13:43,35.5729,53.3971,64.44,18,0,7.52,clear sky
178,Shenkursk,RU,2022-03-30 13:13:43,62.1091,42.896,26.38,73,100,7.34,light snow
179,Carmen,MX,2022-03-30 13:13:44,18.6333,-91.8333,77.04,78,0,18.41,clear sky
180,Muros,ES,2022-03-30 13:11:27,42.7762,-9.0603,61.09,72,19,15.08,few clouds
181,Touros,BR,2022-03-30 13:13:44,-5.1989,-35.4608,86.61,62,90,16.58,overcast clouds
182,Souillac,MU,2022-03-30 13:13:44,-20.5167,57.5167,77.83,82,100,11.5,light rain
183,Fukue,JP,2022-03-30 13:13:45,32.6881,128.8419,63.03,92,100,10.78,overcast clouds
184,Dingle,PH,2022-03-30 13:14:45,10.9995,122.6711,79.39,76,18,6.29,few clouds
185,Hamilton,US,2022-03-30 13:14:45,39.1834,-84.5333,54.99,52,40,12.66,scattered clouds
186,Coquimbo,CL,2022-03-30 13:14:46,-29.9533,-71.3436,55.13,94,75,4.61,haze
187,Salvador,SV,2022-03-30 13:14:46,13.8333,-88.9167,73.06,77,100,0.34,overcast clouds
188,Sant Julia De Loria,AD,2022-03-30 13:14:47,42.4625,1.4825,53.1,83,100,4.32,overcast clouds
189,Blackfoot,US,2022-03-30 13:14:47,43.1905,-112.345,38.55,56,16,4.09,few clouds
190,Pramanta,GR,2022-03-30 13:14:47,39.5231,21.1014,60.21,51,97,8.16,overcast clouds
191,Vincennes,FR,2022-03-30 13:14:48,48.85,2.4333,57.65,77,100,5.75,overcast clouds
192,Padilla,CO,2022-03-30 13:14:48,3.2204,-76.3139,69.37,88,90,1.32,overcast clouds
193,Kahului,US,2022-03-30 13:14:49,20.8947,-156.47,75.85,73,40,4.61,scattered clouds
194,Sibi,PK,2022-03-30 13:14:49,29.5448,67.8764,94.96,3,0,18.14,clear sky
195,Bengkulu,ID,2022-03-30 13:14:50,-3.8004,102.2655,80.6,79,100,6.69,overcast clouds
196,Annau,TM,2022-03-30 13:14:50,37.8876,58.516,69.71,25,0,14.67,clear sky
197,Saint-Pierre,RE,2022-03-30 13:14:50,-21.3393,55.4781,82.08,74,0,32.21,clear sky
198,Wanning,CN,2022-03-30 13:14:51,18.8003,110.3967,75.56,92,10,5.32,clear sky
199,Havre-Saint-Pierre,CA,2022-03-30 13:14:51,50.2334,-63.5986,33.37,72,100,17.05,overcast clouds
200,Villa Bruzual,VE,2022-03-30 13:14:51,9.3328,-69.1208,84.04,53,88,3.89,overcast clouds
201,Hofn,IS,2022-03-30 13:14:52,64.2539,-15.2082,33.94,64,32,3.24,scattered clouds
202,Portland,US,2022-03-30 13:10:37,45.5234,-122.6762,48.18,81,100,9.22,overcast clouds
203,Pisco,PE,2022-03-30 13:14:52,-13.7,-76.2167,68.05,77,91,3.44,mist
204,Dzerzhinsk,RU,2022-03-30 13:14:53,56.2389,43.4631,30.02,63,75,8.95,light snow
205,Gushikawa,JP,2022-03-30 13:14:53,26.3544,127.8686,72.63,96,75,11.5,broken clouds
206,Roald,NO,2022-03-30 13:14:53,62.5833,6.1333,41.92,86,100,1.14,overcast clouds
207,Mahibadhoo,MV,2022-03-30 13:14:54,3.7833,72.9667,83.25,67,12,0.36,few clouds
208,Cabo San Lucas,MX,2022-03-30 13:11:51,22.8909,-109.9124,65.52,80,14,8.28,few clouds
209,Houma,US,2022-03-30 13:14:54,29.5958,-90.7195,73.99,87,75,23.02,broken clouds
210,Victoria,HK,2022-03-30 13:13:19,22.2855,114.1577,76.17,77,1,11.01,clear sky
211,Tautira,PF,2022-03-30 13:14:55,-17.7333,-149.15,81.19,75,63,14.74,light rain
212,Dikson,RU,2022-03-30 13:14:55,73.5069,80.5464,22.48,88,98,9.4,overcast clouds
213,Sabha,LY,2022-03-30 13:14:56,27.0377,14.4283,92.82,5,100,12.95,overcast clouds
214,Ozinki,RU,2022-03-30 13:14:56,51.1786,49.6769,36.55,100,100,8.25,overcast clouds
215,Jutai,BR,2022-03-30 13:14:57,-5.1833,-68.9,75.33,91,86,1.81,overcast clouds
216,Roma,US,2022-03-30 13:14:05,43.2128,-75.4557,27.37,76,0,4.61,clear sky
217,Bonthe,SL,2022-03-30 13:14:57,7.5264,-12.505,85.08,68,100,10.94,overcast clouds
218,Kaeo,NZ,2022-03-30 13:14:57,-35.1,173.7833,60.33,94,37,2.59,scattered clouds
219,Geraldton,AU,2022-03-30 13:14:58,-28.7667,114.6,75.61,83,100,3.44,overcast clouds
220,Asfi,MA,2022-03-30 13:14:58,32.2994,-9.2372,62.04,69,96,12.41,overcast clouds
221,Guerrero Negro,MX,2022-03-30 13:10:25,27.9769,-114.0611,56.8,80,2,14.56,clear sky
222,Airai,TL,2022-03-30 13:14:59,-8.9266,125.4092,61.0,96,100,1.74,overcast clouds
223,Bathsheba,BB,2022-03-30 13:14:59,13.2167,-59.5167,83.01,65,20,24.16,few clouds
224,Ilulissat,GL,2022-03-30 13:14:59,69.2167,-51.1,26.62,80,40,6.91,fog
225,Brenham,US,2022-03-30 13:15:00,30.1669,-96.3977,71.06,88,100,24.16,heavy intensity rain
226,Korla,CN,2022-03-30 13:15:00,41.7597,86.1469,48.11,60,0,16.13,clear sky
227,Nyurba,RU,2022-03-30 13:15:01,63.2842,118.3319,6.01,98,79,3.89,broken clouds
228,San Jose,US,2022-03-30 13:13:13,37.3394,-121.895,52.57,82,100,4.61,overcast clouds
229,Komsomolskiy,UZ,2022-03-30 13:15:01,40.4272,71.7189,59.72,26,0,2.3,clear sky
230,Belozerskoye,RU,2022-03-30 13:16:02,55.8214,65.5842,33.19,99,100,14.47,snow
231,Kaifeng,CN,2022-03-30 13:13:04,34.7911,114.3483,58.6,57,100,7.31,light rain
232,Effingham,US,2022-03-30 13:16:02,32.3669,-81.3332,69.94,87,100,6.58,overcast clouds
233,Bambous Virieux,MU,2022-03-30 13:16:03,-20.3428,57.7575,79.21,94,75,12.66,moderate rain
234,Berlevag,NO,2022-03-30 13:16:03,70.8578,29.0864,30.15,74,75,21.85,broken clouds
235,Atar,MR,2022-03-30 13:16:04,20.5169,-13.0499,86.16,20,100,14.05,overcast clouds
236,San Quintin,MX,2022-03-30 13:16:04,30.4833,-115.95,55.56,84,0,10.76,clear sky
237,Ljungby,SE,2022-03-30 13:16:05,56.8332,13.9408,38.98,24,1,3.71,clear sky
238,Port Hedland,AU,2022-03-30 13:16:05,-20.3167,118.5667,84.25,74,100,0.0,overcast clouds
239,Pierre,US,2022-03-30 13:16:06,44.3683,-100.351,29.86,89,100,21.85,mist
240,Shimanovsk,RU,2022-03-30 13:16:06,52.0,127.7,18.7,78,4,8.52,clear sky
241,Cherskiy,RU,2022-03-30 13:16:07,68.75,161.3,-10.89,99,70,3.44,broken clouds
242,Ossora,RU,2022-03-30 13:16:07,59.2353,163.0719,13.1,91,100,4.92,overcast clouds
243,Bahia De Caraquez,EC,2022-03-30 13:16:08,-0.6,-80.4167,75.38,88,98,3.15,overcast clouds
244,Samarai,PG,2022-03-30 13:16:08,-10.6167,150.6667,82.38,77,66,9.98,broken clouds
245,Hervey Bay,AU,2022-03-30 13:16:08,-25.2986,152.8535,74.73,67,0,11.61,clear sky
246,Lima,PE,2022-03-30 13:12:13,-12.0432,-77.0282,72.9,74,0,5.75,clear sky
247,Hualmay,PE,2022-03-30 13:16:09,-11.0964,-77.6139,70.05,83,99,7.92,overcast clouds
248,Praia,CV,2022-03-30 13:16:09,14.9215,-23.5087,72.72,71,99,18.86,overcast clouds
249,Sao Filipe,CV,2022-03-30 13:16:10,14.8961,-24.4956,73.15,72,3,10.69,clear sky
250,Oranjemund,NA,2022-03-30 13:16:10,-28.55,16.4333,66.94,62,100,21.0,overcast clouds
251,Pangnirtung,CA,2022-03-30 13:16:11,66.1451,-65.7125,19.4,79,75,3.44,broken clouds
252,Saskylakh,RU,2022-03-30 13:16:11,71.9167,114.0833,-16.55,96,100,5.46,overcast clouds
253,Atyrau,KZ,2022-03-30 13:16:12,47.1167,51.8833,51.82,58,20,15.66,few clouds
254,Yuanping,CN,2022-03-30 13:16:12,38.7153,112.7575,50.14,31,0,7.92,clear sky
255,East London,ZA,2022-03-30 13:16:13,-33.0153,27.9116,74.34,78,0,5.75,clear sky
256,Rochefort,FR,2022-03-30 13:16:13,45.9167,-1.0,56.93,80,100,5.99,overcast clouds
257,Taltal,CL,2022-03-30 13:16:14,-25.4,-70.4833,63.18,78,22,1.61,few clouds
258,Chingola,ZM,2022-03-30 13:12:42,-12.529,27.8838,69.91,88,68,6.69,light rain
259,Ariquemes,BR,2022-03-30 13:16:14,-9.9133,-63.0408,72.84,99,100,2.84,overcast clouds
260,Ust-Maya,RU,2022-03-30 13:16:15,60.4167,134.5333,7.38,96,97,3.44,overcast clouds
261,Hovd,MN,2022-03-30 13:16:15,48.0056,91.6419,33.15,25,18,15.64,few clouds
262,Mehamn,NO,2022-03-30 13:16:16,71.0357,27.8492,30.11,93,75,21.85,light shower snow
263,Onalaska,US,2022-03-30 13:11:28,43.8844,-91.2351,37.78,88,100,3.0,overcast clouds
264,Tiarei,PF,2022-03-30 13:16:17,-17.5333,-149.3333,78.82,75,22,14.85,light rain
265,Puerto Santander,CO,2022-03-30 13:16:17,8.3636,-72.4063,78.21,89,100,1.48,overcast clouds
266,Torbay,CA,2022-03-30 13:16:17,47.6666,-52.7314,35.38,86,20,20.71,light rain
267,Rodino,RU,2022-03-30 13:16:18,52.5,80.25,34.11,82,86,16.28,overcast clouds
268,Sitka,US,2022-03-30 13:16:18,57.0531,-135.33,42.69,81,100,3.44,light rain
269,Mumford,GH,2022-03-30 13:16:19,5.2618,-0.759,84.96,72,76,12.44,broken clouds
270,Sioux Lookout,CA,2022-03-30 13:16:19,50.1001,-91.917,26.67,93,100,2.3,overcast clouds
271,Port Elizabeth,ZA,2022-03-30 13:16:19,-33.918,25.5701,72.1,63,0,15.01,clear sky
272,Porto Novo,BJ,2022-03-30 13:16:20,6.4965,2.6036,89.42,52,100,10.27,overcast clouds
273,Darasun,RU,2022-03-30 13:17:20,51.6667,114.0,18.12,45,0,2.53,clear sky
274,Ostrovnoy,RU,2022-03-30 13:17:21,68.0531,39.5131,22.51,83,100,12.77,overcast clouds
275,Junction City,US,2022-03-30 13:17:22,39.0286,-96.8314,42.6,70,100,16.11,overcast clouds
276,Caracollo,PE,2022-03-30 13:17:22,-14.9165,-70.6603,45.1,78,69,3.53,broken clouds
277,Pringsewu,ID,2022-03-30 13:17:22,-5.3582,104.9744,74.41,96,81,2.26,broken clouds
278,Newport,GB,2022-03-30 13:17:23,51.5877,-2.9984,54.52,69,100,3.76,overcast clouds
279,Abu Dhabi,AE,2022-03-30 13:14:42,24.4667,54.3667,78.91,72,0,12.66,clear sky
280,Aksu,CN,2022-03-30 13:17:23,41.1231,80.2644,55.81,34,0,7.2,clear sky
281,Kudahuvadhoo,MV,2022-03-30 13:17:24,2.6708,72.8944,82.62,69,19,1.1,few clouds
282,Oblivskaya,RU,2022-03-30 13:17:24,48.5362,42.5014,64.81,43,99,16.67,overcast clouds
283,Campoverde,PE,2022-03-30 13:17:25,-8.4753,-74.8058,78.49,86,100,3.22,overcast clouds
284,Akdepe,TM,2022-03-30 13:17:25,42.0551,59.3788,60.89,9,0,14.41,clear sky
285,Dwarka,IN,2022-03-30 13:17:25,22.2394,68.9678,81.1,69,0,13.67,clear sky
286,Martapura,ID,2022-03-30 13:17:26,-3.4167,114.85,80.69,89,75,2.3,light rain
287,Burnie,AU,2022-03-30 13:17:27,-41.0667,145.9167,55.92,74,71,7.49,broken clouds
288,Ukiah,US,2022-03-30 13:17:27,39.1502,-123.2078,49.37,89,75,5.75,broken clouds
289,Broken Hill,AU,2022-03-30 13:17:27,-31.95,141.4333,65.03,34,100,14.81,overcast clouds
290,Skibotn,NO,2022-03-30 13:17:28,69.3913,20.2679,27.57,91,100,13.4,light snow
291,Ushtobe,KZ,2022-03-30 13:17:28,45.2514,77.9838,46.51,30,0,6.96,clear sky
292,Katherine,AU,2022-03-30 13:17:29,-14.4667,132.2667,77.32,65,100,0.0,overcast clouds
293,Chulman,RU,2022-03-30 13:17:29,56.8479,124.9104,4.44,98,100,2.3,light snow
294,Nioro,GM,2022-03-30 13:17:29,13.35,-15.75,100.33,13,6,9.08,clear sky
295,Tezu,IN,2022-03-30 13:17:30,27.9167,96.1667,77.52,52,100,2.15,overcast clouds
296,Khuzhir,RU,2022-03-30 13:17:30,53.1939,107.3397,11.28,88,4,3.98,clear sky
297,Tianmen,CN,2022-03-30 13:17:31,30.6516,113.1603,61.32,95,100,7.02,overcast clouds
298,Bagdarin,RU,2022-03-30 13:17:31,54.4333,113.6,5.31,89,15,4.59,few clouds
299,College,US,2022-03-30 13:16:52,64.8569,-147.8028,23.07,76,100,0.0,overcast clouds
300,Keetmanshoop,NA,2022-03-30 13:17:32,-26.5833,18.1333,90.52,25,20,4.61,few clouds
301,Datong,CN,2022-03-30 13:17:32,40.0936,113.2914,40.37,36,0,11.97,clear sky
302,San Carlos De Bariloche,AR,2022-03-30 13:17:32,-41.1456,-71.3082,37.15,65,20,3.44,few clouds
303,Talnakh,RU,2022-03-30 13:17:33,69.4865,88.3972,24.21,88,100,13.22,overcast clouds
304,Bakchar,RU,2022-03-30 13:17:33,57.0186,82.0711,31.48,82,100,13.65,overcast clouds
305,Kawerau,NZ,2022-03-30 13:17:34,-38.1,176.7,60.1,95,1,4.05,clear sky
306,Douglas,US,2022-03-30 13:12:43,41.3,-96.167,39.02,78,100,12.66,overcast clouds
307,Camacha,PT,2022-03-30 13:17:34,33.0833,-16.3333,62.02,63,75,11.5,broken clouds
308,Kavaratti,IN,2022-03-30 13:17:35,10.5669,72.642,83.82,70,7,4.56,clear sky
309,Namibe,AO,2022-03-30 13:17:35,-15.1961,12.1522,77.63,61,74,14.27,broken clouds
310,Cervo,ES,2022-03-30 13:17:35,43.6702,-7.4101,57.96,73,19,10.87,few clouds
311,Provideniya,RU,2022-03-30 13:17:36,64.3833,-173.3,1.33,84,41,10.8,scattered clouds
312,Pombia,IT,2022-03-30 13:18:36,45.653,8.6336,53.4,86,75,5.75,light rain
313,Saint-Philippe,RE,2022-03-30 13:18:37,-21.3585,55.7679,80.19,82,81,15.41,light rain
314,Codrington,AU,2022-03-30 13:18:37,-38.2667,141.9667,58.23,58,100,17.9,overcast clouds
315,Gizo,SB,2022-03-30 13:18:37,-8.103,156.8419,84.34,70,100,3.76,overcast clouds
316,Batie,BF,2022-03-30 13:18:38,9.8833,-2.9167,106.3,18,94,2.51,overcast clouds
317,Avera,US,2022-03-30 13:18:38,33.194,-82.5271,56.71,90,100,7.49,overcast clouds
318,Jaciara,BR,2022-03-30 13:18:38,-15.9653,-54.9683,77.4,80,100,7.67,overcast clouds
319,Mendi,PG,2022-03-30 13:18:39,-6.1761,143.6513,56.7,99,100,1.21,overcast clouds
320,Hambantota,LK,2022-03-30 13:18:39,6.1241,81.1185,82.36,73,25,7.9,scattered clouds
321,Voznesenskaya,RU,2022-03-30 13:18:40,44.5527,41.0318,57.29,51,100,4.85,overcast clouds
322,Jaypur,IN,2022-03-30 13:18:40,18.85,82.5833,89.42,12,1,3.0,clear sky
323,Hundested,DK,2022-03-30 13:18:40,55.9667,11.8667,40.05,58,100,11.77,overcast clouds
324,Sol-Iletsk,RU,2022-03-30 13:18:41,51.1631,54.9918,39.47,97,100,17.0,overcast clouds
325,Sola,VU,2022-03-30 13:18:41,-13.8833,167.55,82.18,70,97,1.1,overcast clouds
326,Ayagoz,KZ,2022-03-30 13:18:42,47.9714,80.4392,26.44,79,62,7.36,broken clouds
327,Palmares Do Sul,BR,2022-03-30 13:16:28,-30.2578,-50.5097,69.1,95,100,20.51,overcast clouds
328,Pospelikha,RU,2022-03-30 13:18:42,51.95,81.7667,33.75,83,60,20.54,broken clouds
329,Shenzhen,CN,2022-03-30 13:18:42,22.5455,114.0683,76.86,83,8,4.38,clear sky
330,Metu,ET,2022-03-30 13:18:43,8.3,35.5833,88.97,19,88,8.5,overcast clouds
331,Pinega,RU,2022-03-30 13:18:43,64.7001,43.3936,25.92,75,100,7.05,light snow
332,Sarkand,KZ,2022-03-30 13:18:44,45.41,79.9186,36.32,65,1,4.85,clear sky
333,Soe,ID,2022-03-30 13:18:44,-9.8607,124.284,66.7,94,100,2.86,heavy intensity rain
334,Baruun-Urt,MN,2022-03-30 13:18:45,46.6806,113.2792,21.96,46,3,9.31,clear sky
335,Correntina,BR,2022-03-30 13:18:45,-13.3433,-44.6367,83.82,45,100,4.41,overcast clouds
336,Saint-Joseph,RE,2022-03-30 13:18:45,-21.3667,55.6167,79.18,80,47,16.8,light rain
337,Aklavik,CA,2022-03-30 13:18:46,68.2191,-135.0107,-20.2,83,20,4.61,few clouds
338,Nilanga,IN,2022-03-30 13:18:46,18.1,76.7667,96.75,10,2,7.11,clear sky
339,Waddan,LY,2022-03-30 13:18:46,29.1614,16.139,90.07,8,7,7.11,clear sky
340,Sao Joao Da Barra,BR,2022-03-30 13:18:47,-21.6403,-41.0511,82.49,77,0,8.05,clear sky
341,Ojinaga,MX,2022-03-30 13:18:25,29.5667,-104.4167,57.58,44,0,13.8,clear sky
342,Okha,RU,2022-03-30 13:18:47,53.5739,142.9478,11.8,88,16,13.09,few clouds
343,Beaufort,MY,2022-03-30 13:18:48,5.3473,115.7455,77.2,91,73,2.35,broken clouds
344,Kanchanaburi,TH,2022-03-30 13:18:48,14.6333,99.1,81.88,70,54,3.15,broken clouds
345,Reconquista,AR,2022-03-30 13:18:49,-29.15,-59.65,54.45,54,100,9.71,light rain
346,Cabedelo,BR,2022-03-30 13:17:50,-6.9811,-34.8339,88.47,70,100,13.62,overcast clouds
347,Banda Aceh,ID,2022-03-30 13:18:49,5.5577,95.3222,80.37,80,51,3.87,broken clouds
348,Oktyabrskiy,RU,2022-03-30 13:18:09,54.4815,53.471,35.02,100,100,13.47,overcast clouds
349,Lo Arado,MX,2022-03-30 13:18:49,19.6167,-104.5833,59.09,21,9,3.98,clear sky
350,La Serena,CL,2022-03-30 13:18:50,-29.9078,-71.2542,54.91,94,75,4.61,haze
351,Herat,AF,2022-03-30 13:18:50,34.5,62.0,61.66,25,0,12.44,clear sky
352,Kupang,ID,2022-03-30 13:18:51,-10.1667,123.5833,78.58,84,98,3.49,overcast clouds
353,Laguna,US,2022-03-30 13:15:07,38.421,-121.4238,52.09,90,100,9.22,overcast clouds
354,San Joaquin,US,2022-03-30 13:18:51,37.9333,-121.3011,51.93,87,0,5.75,clear sky
355,Pochutla,MX,2022-03-30 13:19:52,15.7432,-96.4661,70.83,63,10,5.86,clear sky
356,Garissa,KE,2022-03-30 13:19:52,-0.4536,39.6401,94.15,38,19,4.76,few clouds
357,Mugan,CN,2022-03-30 13:19:52,35.9404,101.3842,40.01,47,100,10.47,overcast clouds
358,Gat,IL,2022-03-30 13:19:53,31.61,34.7642,75.4,8,26,12.46,scattered clouds
359,Mount Isa,AU,2022-03-30 13:19:53,-20.7333,139.5,78.57,21,0,6.91,light rain
360,Padang,ID,2022-03-30 13:19:53,-0.9492,100.3543,78.85,83,12,3.11,few clouds
361,Port Blair,IN,2022-03-30 13:19:54,11.6667,92.75,83.39,69,17,2.62,few clouds
362,Talaya,RU,2022-03-30 13:19:54,61.3833,152.75,-4.47,100,100,2.95,overcast clouds
363,Solnechnyy,RU,2022-03-30 13:19:55,50.7214,136.6319,15.4,83,100,5.5,overcast clouds
364,Mahajanga,MG,2022-03-30 13:19:55,-15.7167,46.3167,87.4,59,100,5.37,overcast clouds
365,Doha,QA,2022-03-30 13:19:55,25.2867,51.5333,86.31,40,0,17.27,clear sky
366,Antofagasta,CL,2022-03-30 13:16:59,-23.65,-70.4,63.68,72,43,2.86,scattered clouds
367,Verkhnyaya Sinyachikha,RU,2022-03-30 13:19:56,57.976,61.6673,34.41,98,100,11.54,snow
368,Gemena,CD,2022-03-30 13:19:56,3.25,19.7667,100.76,22,27,4.03,scattered clouds
369,Mackay,AU,2022-03-30 13:19:57,-21.15,149.2,69.67,71,0,7.9,clear sky
370,Bama,NG,2022-03-30 13:19:57,11.5221,13.6856,101.28,3,13,7.9,few clouds
371,Ewa Beach,US,2022-03-30 13:19:57,21.3156,-158.0072,73.69,80,0,5.75,clear sky
372,Sajanan,TN,2022-03-30 13:19:58,37.0573,9.2426,59.92,69,100,11.81,overcast clouds
373,Riyadh,SA,2022-03-30 13:16:28,24.6877,46.7219,86.14,8,68,2.53,broken clouds
374,Abu Kamal,SY,2022-03-30 13:19:58,34.4506,40.9171,80.87,13,100,13.42,overcast clouds
375,Boksitogorsk,RU,2022-03-30 13:19:59,59.474,33.8485,29.61,81,100,9.6,light snow
376,Hailar,CN,2022-03-30 13:19:59,49.2,119.7,14.72,70,81,2.06,broken clouds
377,Hasaki,JP,2022-03-30 13:19:59,35.7333,140.8333,59.4,85,100,19.04,overcast clouds
378,Dedza,MW,2022-03-30 13:20:00,-14.3779,34.3332,66.31,81,84,4.03,light rain
379,Ajdabiya,LY,2022-03-30 13:20:00,30.7554,20.2263,75.11,21,14,2.98,few clouds
380,Manokwari,ID,2022-03-30 13:20:01,-0.8667,134.0833,79.81,82,86,8.79,overcast clouds
381,Ancud,CL,2022-03-30 13:17:00,-41.8697,-73.8203,48.22,76,10,2.46,clear sky
382,Marsa Matruh,EG,2022-03-30 13:20:02,31.3525,27.2453,66.9,59,0,13.29,clear sky
383,Santa Fe,AR,2022-03-30 13:20:03,-31.6333,-60.7,60.03,40,67,7.0,broken clouds
384,General Roca,AR,2022-03-30 13:20:04,-39.0333,-67.5833,56.62,32,0,12.73,clear sky
385,Puerto Colombia,CO,2022-03-30 13:17:45,10.9878,-74.9547,78.89,78,100,10.85,overcast clouds
386,Gornopravdinsk,RU,2022-03-30 13:20:05,60.05,69.9,28.58,84,98,11.54,overcast clouds
387,Puerto Gaitan,CO,2022-03-30 13:20:06,4.3133,-72.0816,78.96,77,40,3.44,scattered clouds
388,Linxia,CN,2022-03-30 13:20:07,35.6003,103.2064,45.88,39,100,8.28,overcast clouds
389,Mozarlandia,BR,2022-03-30 13:20:07,-14.7447,-50.5706,82.09,72,73,2.21,broken clouds
390,Zalantun,CN,2022-03-30 13:20:08,48.0,122.7167,27.19,43,0,7.74,clear sky
391,Mega,ET,2022-03-30 13:20:08,4.05,38.3,78.58,30,63,18.03,broken clouds
392,Mindyak,RU,2022-03-30 13:20:09,54.0231,58.7891,34.34,95,100,20.2,light snow
393,Paracuru,BR,2022-03-30 13:20:09,-3.41,-39.0306,83.1,69,95,12.93,overcast clouds
394,Shimoda,JP,2022-03-30 13:20:10,34.6667,138.95,56.1,93,100,8.19,overcast clouds
395,Tilichiki,RU,2022-03-30 13:20:10,60.4667,166.1,7.32,89,100,8.19,overcast clouds
396,Gorno-Altaysk,RU,2022-03-30 13:20:11,51.9561,85.955,33.51,68,99,7.0,overcast clouds
397,Cheyenne,US,2022-03-30 13:19:32,41.14,-104.8203,23.77,78,0,15.99,clear sky
398,Cravo Norte,CO,2022-03-30 13:20:11,6.3017,-70.2041,85.39,52,31,5.99,scattered clouds
399,Raudeberg,NO,2022-03-30 13:20:12,61.9875,5.1352,39.96,78,18,14.18,few clouds
400,Kangavar,IR,2022-03-30 13:21:12,34.5043,47.9653,68.92,11,3,13.35,clear sky
401,Cayenne,GF,2022-03-30 13:16:39,4.9333,-52.3333,84.09,16,75,10.36,broken clouds
402,Lisakovsk,KZ,2022-03-30 13:21:13,52.5369,62.4936,36.55,84,100,24.09,overcast clouds
403,Tongren,CN,2022-03-30 13:21:13,27.7172,109.1853,59.72,97,100,3.18,overcast clouds
404,Gelemso,ET,2022-03-30 13:21:14,8.8167,40.5167,80.62,17,14,12.21,few clouds
405,Ca Mau,VN,2022-03-30 13:21:14,9.1769,105.15,80.46,80,81,4.76,broken clouds
406,Botou,CN,2022-03-30 13:21:15,38.0667,116.5667,44.38,36,91,8.05,overcast clouds
407,Tsovazard,AM,2022-03-30 13:21:15,40.4709,45.0588,35.46,89,76,4.36,broken clouds
408,Vardo,NO,2022-03-30 13:21:15,70.3705,31.1107,28.38,93,75,27.63,light shower snow
409,Zhigansk,RU,2022-03-30 13:21:16,66.7697,123.3711,3.16,94,77,14.43,broken clouds
410,Fort Nelson,CA,2022-03-30 13:21:16,58.8053,-122.7002,33.39,69,75,2.3,broken clouds
411,Zyryanka,RU,2022-03-30 13:21:17,65.75,150.85,-16.08,100,71,5.59,broken clouds
412,Sungairaya,ID,2022-03-30 13:21:17,0.7,108.9,80.67,77,76,3.49,broken clouds
413,Kjollefjord,NO,2022-03-30 13:21:18,70.9457,27.3465,30.25,93,75,21.85,light snow
414,Kigali,RW,2022-03-30 13:16:28,-1.95,30.0588,60.73,100,100,11.01,overcast clouds
415,Mtwara,TZ,2022-03-30 13:21:18,-10.2667,40.1833,81.82,80,100,8.88,light rain
416,Pevek,RU,2022-03-30 13:21:18,69.7008,170.3133,-16.58,98,94,4.27,overcast clouds
417,Taoudenni,ML,2022-03-30 13:21:11,22.6783,-3.9836,92.64,17,100,11.92,overcast clouds
418,Vilyuysk,RU,2022-03-30 13:21:19,63.7553,121.6247,-2.07,100,31,3.74,scattered clouds
419,Bilma,NE,2022-03-30 13:21:19,18.6853,12.9164,94.73,2,46,12.44,scattered clouds
420,Cidreira,BR,2022-03-30 13:21:20,-30.1811,-50.2056,69.89,95,100,14.79,light rain
421,Teeli,RU,2022-03-30 13:21:20,51.0333,90.2333,20.89,80,67,4.09,broken clouds
422,Den Helder,NL,2022-03-30 13:21:21,52.9599,4.7593,49.96,67,100,15.99,overcast clouds
423,South Lake Tahoe,US,2022-03-30 13:21:21,38.9332,-119.9844,38.52,93,0,0.0,clear sky
424,Mangan,IN,2022-03-30 13:19:16,27.5167,88.5333,68.9,87,100,0.31,overcast clouds
425,Ekibastuz,KZ,2022-03-30 13:21:22,51.6667,75.3667,35.37,86,98,22.88,overcast clouds
426,Mareeba,AU,2022-03-30 13:21:22,-17.0,145.4333,68.43,84,100,1.61,overcast clouds
427,Ruteng,ID,2022-03-30 13:21:23,-8.6136,120.4721,63.57,94,89,0.81,overcast clouds
428,Miajadas,ES,2022-03-30 13:21:23,39.1513,-5.9084,64.87,44,9,15.61,clear sky
429,Houston,US,2022-03-30 13:17:51,29.7633,-95.3633,74.17,81,100,14.97,haze
430,Acarau,BR,2022-03-30 13:16:27,-2.8856,-40.12,82.9,73,77,13.62,broken clouds
431,Majene,ID,2022-03-30 13:21:24,-3.5403,118.9707,79.52,81,100,1.92,overcast clouds
432,Booue,GA,2022-03-30 13:21:24,-0.0921,11.9385,94.82,43,87,1.5,overcast clouds
433,Port Augusta,AU,2022-03-30 13:21:24,-32.5,137.7667,64.42,67,100,20.13,overcast clouds
434,Meridian,US,2022-03-30 13:21:25,43.6121,-116.3915,43.09,77,0,0.0,clear sky
435,Yeppoon,AU,2022-03-30 13:21:25,-23.1333,150.7333,74.98,58,0,4.54,clear sky
436,Port Townsend,US,2022-03-30 13:21:26,48.117,-122.7605,46.38,88,100,1.99,overcast clouds
437,Port Lincoln,AU,2022-03-30 13:21:26,-34.7333,135.8667,62.29,60,100,18.48,overcast clouds
438,Mananjary,MG,2022-03-30 13:21:26,-21.2167,48.3333,77.38,84,0,12.28,moderate rain
439,Khani,GE,2022-03-30 13:21:27,41.9563,42.9566,60.37,95,100,6.38,overcast clouds
440,Yulara,AU,2022-03-30 13:21:27,-25.2406,130.9889,80.44,26,44,12.66,scattered clouds
441,Rio Brilhante,BR,2022-03-30 13:21:27,-21.8019,-54.5464,87.57,50,0,8.75,clear sky
442,Shasta Lake,US,2022-03-30 13:21:28,40.6804,-122.3708,54.32,74,100,2.66,overcast clouds
443,Griffith,US,2022-03-30 13:21:28,41.5284,-87.4237,51.06,72,100,12.66,overcast clouds
444,Toguchin,RU,2022-03-30 13:21:29,55.2353,84.3858,32.41,94,100,20.69,light snow
445,Coihaique,CL,2022-03-30 13:21:29,-45.5752,-72.0662,44.55,70,20,4.61,few clouds
446,Nabire,ID,2022-03-30 13:21:29,-3.3667,135.4833,76.14,94,100,4.83,overcast clouds
447,Port Hawkesbury,CA,2022-03-30 13:21:30,45.6169,-61.3485,31.8,95,100,13.8,overcast clouds
448,Ratnagiri,IN,2022-03-30 13:22:30,16.9833,73.3,83.71,68,0,6.93,clear sky
449,Ballina,AU,2022-03-30 13:22:31,-28.8667,153.5667,69.98,99,90,18.61,overcast clouds
450,Cockburn Town,TC,2022-03-30 13:22:31,21.4612,-71.1419,75.7,67,10,23.4,clear sky
451,Saint-Ambroise,CA,2022-03-30 13:22:31,48.5501,-71.3324,17.89,87,52,5.99,broken clouds
452,Mogadishu,SO,2022-03-30 13:22:32,2.0371,45.3438,85.87,79,20,18.41,few clouds
453,Nantucket,US,2022-03-30 13:20:08,41.2835,-70.0995,37.51,42,0,21.85,clear sky
454,Taman,RU,2022-03-30 13:22:32,45.2117,36.7161,50.14,75,17,20.13,few clouds
455,Barcelos,PT,2022-03-30 13:22:33,41.5388,-8.6151,61.92,51,2,12.17,clear sky
456,Tura,IN,2022-03-30 13:22:33,25.5198,90.2201,74.19,72,100,2.86,overcast clouds
457,Orumiyeh,IR,2022-03-30 13:22:33,37.5527,45.0761,62.15,19,0,9.22,clear sky
458,Parrita,CR,2022-03-30 13:22:34,9.5201,-84.3225,79.36,66,94,2.93,overcast clouds
459,Salalah,OM,2022-03-30 13:22:34,17.0151,54.0924,86.09,45,0,10.36,clear sky
460,Porbandar,IN,2022-03-30 13:22:35,21.6422,69.6093,82.33,66,0,12.77,clear sky
461,Balkhash,KZ,2022-03-30 13:22:35,46.844,74.9804,34.77,63,6,5.57,clear sky
462,Shadrinsk,RU,2022-03-30 13:22:35,56.0852,63.6335,33.44,99,100,14.52,snow
463,Kaiyuan,CN,2022-03-30 13:22:36,23.6977,103.3037,67.95,73,6,6.26,clear sky
464,Vostok,RU,2022-03-30 13:22:36,46.4856,135.8833,12.7,94,22,4.03,few clouds
465,Lingao,CN,2022-03-30 13:22:36,19.9103,109.6859,74.41,93,44,13.73,scattered clouds
466,Mecca,SA,2022-03-30 13:18:11,21.4267,39.8261,95.59,15,0,16.33,clear sky
467,Hwange,ZW,2022-03-30 13:22:37,-18.3693,26.5019,82.2,54,54,7.85,light rain
468,Itarema,BR,2022-03-30 13:22:37,-2.9248,-39.9167,83.35,71,74,13.62,broken clouds
469,Caraballeda,VE,2022-03-30 13:22:38,10.6112,-66.8522,85.86,63,48,8.81,scattered clouds
470,Jacareacanga,BR,2022-03-30 13:22:38,-6.2222,-57.7528,75.63,96,100,3.2,overcast clouds
471,Esperance,AU,2022-03-30 13:22:38,-33.8667,121.9,65.25,68,100,19.17,overcast clouds
472,Coahuayana,MX,2022-03-30 13:22:39,18.7333,-103.6833,62.01,24,78,3.51,broken clouds
473,Klyuchi,RU,2022-03-30 13:22:39,52.2667,79.1667,33.93,82,53,14.05,broken clouds
474,Belgaum,IN,2022-03-30 13:22:39,15.8667,74.5,84.51,45,3,12.84,clear sky
475,Forbes,AU,2022-03-30 13:22:40,-33.3833,148.0167,69.93,76,2,7.25,clear sky
476,Raga,SS,2022-03-30 13:22:40,8.4596,25.678,100.44,7,0,4.85,clear sky
477,Cosala,MX,2022-03-30 13:22:41,24.4125,-106.6908,57.43,44,0,3.65,clear sky
478,Paraguacu Paulista,BR,2022-03-30 13:17:44,-22.4128,-50.5758,80.08,68,0,5.84,clear sky
479,Gasa,PS,2022-03-30 13:22:41,31.5,34.4667,70.88,60,27,11.05,scattered clouds
480,Paungde,MM,2022-03-30 13:22:42,18.4833,95.5,89.96,35,0,12.57,clear sky
481,Galesong,ID,2022-03-30 13:22:42,-5.3166,119.3661,78.82,79,97,3.44,overcast clouds
482,Mao,ES,2022-03-30 13:22:42,39.8885,4.2658,57.76,88,75,14.97,broken clouds
483,Belmonte,BR,2022-03-30 13:22:43,-15.8631,-38.8828,83.59,60,59,4.07,broken clouds
484,Borgo San Dalmazzo,IT,2022-03-30 13:22:43,44.333,7.4858,48.88,92,100,3.87,overcast clouds
485,Ler,SS,2022-03-30 13:22:44,8.3018,30.1418,104.85,8,7,1.7,clear sky
486,Isangel,VU,2022-03-30 13:22:44,-19.55,169.2667,79.9,85,100,9.24,overcast clouds
487,Kruisfontein,ZA,2022-03-30 13:22:44,-34.0033,24.7314,69.89,63,100,13.27,overcast clouds
488,Mount Gambier,AU,2022-03-30 13:22:45,-37.8333,140.7667,56.98,62,96,12.35,overcast clouds
489,Cangucu,BR,2022-03-30 13:22:45,-31.395,-52.6756,60.01,86,100,11.74,overcast clouds
490,Beyneu,KZ,2022-03-30 13:22:45,45.3167,55.2,57.11,34,86,15.88,overcast clouds
491,Asau,RO,2022-03-30 13:22:46,46.4333,26.4,69.96,21,100,11.05,overcast clouds
492,Celestun,MX,2022-03-30 13:22:46,20.8667,-90.4,75.47,79,66,18.61,broken clouds
493,Severo-Kurilsk,RU,2022-03-30 13:23:47,50.6789,156.125,31.51,90,100,14.29,snow
494,Basoko,CD,2022-03-30 13:23:47,1.2391,23.616,91.44,41,64,7.4,broken clouds
495,Eenhana,NA,2022-03-30 13:23:47,-17.4667,16.3333,82.99,45,100,2.93,overcast clouds
496,Lasa,IT,2022-03-30 13:23:48,46.6166,10.7002,44.37,98,100,3.8,overcast clouds
497,Ust-Abakan,RU,2022-03-30 13:23:48,53.8525,91.3742,37.89,41,0,4.47,clear sky
498,Ternate,ID,2022-03-30 13:23:48,0.8,127.4,81.03,80,100,7.05,overcast clouds
499,Abu Samrah,SY,2022-03-30 13:23:49,35.3029,37.1841,68.67,33,0,11.81,clear sky
500,Honningsvag,NO,2022-03-30 13:23:49,70.9821,25.9704,29.95,80,75,27.63,broken clouds
501,Lebu,CL,2022-03-30 13:23:49,-37.6167,-73.65,51.67,60,7,21.74,clear sky
502,Paamiut,GL,2022-03-30 13:23:50,61.994,-49.6678,30.36,73,16,2.21,few clouds
503,Camana,PE,2022-03-30 13:23:50,-16.6228,-72.7111,69.57,80,67,6.55,broken clouds
504,Christchurch,NZ,2022-03-30 13:20:25,-43.5333,172.6333,60.94,93,75,10.36,broken clouds
505,Dickinson,US,2022-03-30 13:22:26,29.4608,-95.0513,74.16,88,100,17.27,haze
506,Tacuarembo,UY,2022-03-30 13:22:04,-31.7333,-55.9833,55.9,51,100,13.91,overcast clouds
507,Sungaipenuh,ID,2022-03-30 13:23:51,-2.0833,101.3833,65.21,92,61,1.12,broken clouds
508,Fare,PF,2022-03-30 13:23:51,-16.7,-151.0167,81.25,74,46,14.36,scattered clouds
509,Mana,GF,2022-03-30 13:23:51,5.6592,-53.7767,80.06,62,100,8.21,overcast clouds
510,Boa Vista,BR,2022-03-30 13:22:13,2.8197,-60.6733,82.38,57,20,16.11,few clouds
511,Kununurra,AU,2022-03-30 13:23:52,-15.7667,128.7333,78.78,83,81,5.75,broken clouds
512,Vila Franca Do Campo,PT,2022-03-30 13:23:52,37.7167,-25.4333,64.81,62,99,1.92,overcast clouds
513,Mandera,KE,2022-03-30 13:23:53,3.9366,41.867,99.41,22,28,15.01,scattered clouds
514,Lyubar,UA,2022-03-30 13:23:53,49.9204,27.7592,45.12,82,100,6.96,overcast clouds
515,Macieira De Cambra,PT,2022-03-30 13:23:53,40.8594,-8.3734,57.2,47,3,11.86,clear sky
516,Karasjok,NO,2022-03-30 13:23:54,69.4719,25.5112,25.79,81,100,18.32,overcast clouds
517,Leopold,AU,2022-03-30 13:23:54,-38.1833,144.4667,61.65,68,100,18.41,overcast clouds
518,Bandarbeyla,SO,2022-03-30 13:23:54,9.4942,50.8122,82.04,66,33,14.54,scattered clouds
519,Canutama,BR,2022-03-30 13:23:55,-6.5339,-64.3831,75.96,87,100,2.84,moderate rain
520,Iwaki,JP,2022-03-30 13:23:55,37.05,140.8833,57.34,92,62,5.66,broken clouds
521,Kudat,MY,2022-03-30 13:23:55,6.8837,116.8477,82.33,83,20,5.75,few clouds
522,Sechura,PE,2022-03-30 13:23:56,-5.5569,-80.8222,72.18,75,93,10.25,overcast clouds
523,Hanmer Springs,NZ,2022-03-30 13:23:56,-42.5167,172.8167,55.38,91,6,2.53,clear sky
524,Crewe,GB,2022-03-30 13:23:57,53.0979,-2.4416,44.38,83,100,5.99,overcast clouds
525,Margate,GB,2022-03-30 13:23:57,51.3813,1.3862,52.11,76,100,1.99,overcast clouds
526,Inongo,CD,2022-03-30 13:23:57,-1.95,18.2667,77.92,72,100,1.54,overcast clouds
527,Havoysund,NO,2022-03-30 13:23:58,70.9963,24.6622,30.43,76,100,25.57,light snow
528,Catemaco,MX,2022-03-30 13:23:58,18.4167,-95.1167,72.86,72,1,14.63,clear sky
529,Dalianwan,CN,2022-03-30 13:23:59,39.0286,121.695,44.64,53,0,8.95,clear sky
530,Kyzyl-Suu,KG,2022-03-30 13:23:59,42.3414,78.0056,34.41,75,6,3.62,clear sky
531,San Policarpo,PH,2022-03-30 13:23:59,12.1791,125.5072,79.97,84,7,10.04,clear sky
532,Saint-Augustin,CA,2022-03-30 13:20:18,51.226,-58.6502,33.98,91,100,16.87,light snow
533,Udayagiri,IN,2022-03-30 13:24:00,20.1333,84.3833,81.82,45,5,4.54,clear sky
534,Graaff-Reinet,ZA,2022-03-30 13:24:00,-32.2522,24.5308,80.92,50,100,22.57,overcast clouds
535,San Ignacio,BZ,2022-03-30 13:24:01,17.1561,-89.0714,69.94,94,0,4.61,clear sky
536,Mandalgovi,MN,2022-03-30 13:24:01,45.7625,106.2708,28.04,34,0,10.69,clear sky
537,Malaya Serdoba,RU,2022-03-30 13:24:01,52.4661,44.9512,34.2,96,100,4.68,light snow
538,Visby,SE,2022-03-30 13:24:02,57.6409,18.296,37.06,37,0,12.66,clear sky
539,Leningradskiy,RU,2022-03-30 13:24:02,69.3833,178.4167,-20.94,100,96,3.67,overcast clouds
540,Puerto Baquerizo Moreno,EC,2022-03-30 13:22:41,-0.9,-89.6,77.68,85,100,8.19,overcast clouds
541,Trairi,BR,2022-03-30 13:23:05,-3.2778,-39.2689,83.77,68,30,11.7,scattered clouds
542,Miramar,US,2022-03-30 13:25:03,25.9873,-80.2323,79.02,65,0,18.41,clear sky
543,Kachiry,KZ,2022-03-30 13:25:04,53.0675,76.1036,34.68,90,57,17.72,broken clouds
544,Fasa,IR,2022-03-30 13:25:04,28.9383,53.6482,78.04,7,0,9.22,clear sky
545,Cabinda,AO,2022-03-30 13:25:05,-5.55,12.2,87.94,62,20,8.05,few clouds
546,Pingdingshan,CN,2022-03-30 13:25:06,33.7385,113.3012,61.3,66,100,6.2,overcast clouds
547,Alofi,NU,2022-03-30 13:25:06,-19.0595,-169.9187,76.89,94,100,4.61,overcast clouds
548,Fort Saint James,CA,2022-03-30 13:25:07,54.4333,-124.25,34.88,76,100,4.52,overcast clouds
549,Libourne,FR,2022-03-30 13:20:27,44.9167,-0.25,61.57,60,99,7.58,overcast clouds
550,Sacramento,US,2022-03-30 13:20:49,38.4666,-121.3177,52.18,92,40,9.22,scattered clouds
551,Tuatapere,NZ,2022-03-30 13:25:08,-46.1333,167.6833,56.34,96,87,3.24,overcast clouds
552,Kimberley,ZA,2022-03-30 13:25:08,-28.7323,24.7623,82.09,36,40,8.05,scattered clouds
553,Te Anau,NZ,2022-03-30 13:25:08,-45.4167,167.7167,55.36,91,100,0.76,overcast clouds
554,Cherrapunji,IN,2022-03-30 13:25:09,25.3,91.7,59.81,74,78,3.11,broken clouds
555,Tandil,AR,2022-03-30 13:24:58,-37.3217,-59.1332,46.65,79,96,20.33,overcast clouds
556,Saldanha,ZA,2022-03-30 13:25:09,-33.0117,17.9442,73.45,64,100,10.92,overcast clouds
557,Lagoa,PT,2022-03-30 13:25:10,39.05,-27.9833,61.0,90,52,7.23,broken clouds
558,Abyek,IR,2022-03-30 13:25:10,36.0667,50.55,65.8,17,17,11.3,few clouds
559,Grootfontein,NA,2022-03-30 13:25:11,-19.5667,18.1167,83.77,42,93,5.75,overcast clouds
560,Fortuna,US,2022-03-30 13:25:11,40.5982,-124.1573,48.65,89,100,11.5,overcast clouds
561,Tailai,CN,2022-03-30 13:25:12,46.3833,123.4,33.8,32,51,7.25,broken clouds
562,Ulaanbaatar,MN,2022-03-30 13:25:12,47.9077,106.8832,14.13,48,0,2.24,clear sky
563,Deputatskiy,RU,2022-03-30 13:25:12,69.3,139.9,-20.04,100,82,3.36,broken clouds
564,Hobyo,SO,2022-03-30 13:25:13,5.3505,48.5268,84.51,63,4,14.41,clear sky
565,Usakos,NA,2022-03-30 13:25:13,-22.0,15.6,90.36,28,92,13.06,overcast clouds
566,Sabang,ID,2022-03-30 13:25:14,5.8933,95.3214,83.12,71,2,5.91,clear sky
567,Jiwani,PK,2022-03-30 13:25:14,25.05,61.7417,81.79,46,0,12.41,clear sky
568,Hirara,JP,2022-03-30 13:25:15,24.8,125.2833,74.64,89,100,5.21,overcast clouds
569,Cheremshan,RU,2022-03-30 13:25:15,54.6667,51.5,33.22,97,89,10.42,overcast clouds
570,Dafeng,CN,2022-03-30 13:25:15,23.4517,108.5881,68.58,97,100,2.17,overcast clouds
571,Moerai,PF,2022-03-30 13:25:16,-22.4333,-151.3333,80.28,69,58,2.08,broken clouds
572,Esterhazy,CA,2022-03-30 13:20:52,50.65,-102.0843,23.85,99,95,5.7,overcast clouds
573,Rohru,IN,2022-03-30 13:25:16,31.2167,77.75,63.88,20,0,3.2,clear sky
574,Manzhouli,CN,2022-03-30 13:25:17,49.6,117.4333,23.94,52,7,9.91,clear sky
575,Igarka,RU,2022-03-30 13:25:17,67.4667,86.5833,28.31,95,91,11.59,overcast clouds
576,Sucre,BO,2022-03-30 13:23:30,-19.0333,-65.2627,60.53,51,5,3.27,clear sky
577,Bushenyi,UG,2022-03-30 13:25:18,-0.5853,30.2114,62.51,95,100,1.16,light rain
578,Kargopol,RU,2022-03-30 13:25:18,61.5071,38.9456,26.69,71,100,9.28,overcast clouds
579,Storforshei,NO,2022-03-30 13:25:19,66.4043,14.5233,33.58,59,40,9.22,light snow
580,Bud,US,2022-03-30 13:25:19,39.447,-86.1758,57.74,68,100,15.32,overcast clouds
581,Binzhou,CN,2022-03-30 13:25:19,37.3667,118.0167,44.04,57,100,7.05,overcast clouds
582,Vila Do Maio,CV,2022-03-30 13:25:20,15.1333,-23.2167,77.79,77,85,18.81,overcast clouds
583,Talcahuano,CL,2022-03-30 13:25:20,-36.7167,-73.1167,51.48,62,0,5.75,clear sky
584,Waingapu,ID,2022-03-30 13:25:21,-9.6567,120.2641,77.22,88,98,3.83,moderate rain
585,Hluti,SZ,2022-03-30 13:25:21,-27.2167,31.6167,87.17,36,0,8.57,clear sky
586,Qasigiannguit,GL,2022-03-30 13:25:21,68.8193,-51.1922,26.85,93,100,2.01,overcast clouds
587,Naze,JP,2022-03-30 13:26:22,28.3667,129.4833,65.32,95,100,15.35,overcast clouds
588,Huangzhai,CN,2022-03-30 13:26:22,38.0751,112.6595,59.41,23,49,8.66,scattered clouds
589,Ambilobe,MG,2022-03-30 13:26:22,-13.2,49.05,82.54,81,20,3.8,light rain
590,Benghazi,LY,2022-03-30 13:26:23,32.1167,20.0667,65.1,53,33,10.94,scattered clouds
591,Xam Nua,LA,2022-03-30 13:26:23,20.4197,104.0439,68.32,90,96,2.86,overcast clouds
592,Glodeni,MD,2022-03-30 13:26:24,47.7708,27.5144,67.37,34,91,5.84,overcast clouds
593,Quelimane,MZ,2022-03-30 13:26:24,-17.8786,36.8883,85.95,66,40,10.36,scattered clouds
594,Ponta Delgada,PT,2022-03-30 13:26:25,37.7333,-25.6667,65.12,72,20,13.8,few clouds
595,Seydi,TM,2022-03-30 13:26:25,39.4816,62.9137,61.03,12,0,8.03,clear sky
596,Nerchinskiy Zavod,RU,2022-03-30 13:26:25,51.3088,119.61,15.82,60,8,3.6,clear sky
597,Fonte Boa,BR,2022-03-30 13:26:26,-2.4959,-66.2662,74.23,95,99,0.74,overcast clouds
598,Marawi,PH,2022-03-30 13:26:26,7.9986,124.2928,68.9,91,17,1.43,few clouds
599,Erenhot,CN,2022-03-30 13:26:27,43.6475,111.9767,40.01,24,84,10.76,broken clouds
600,Pietersburg,ZA,2022-03-30 13:26:27,-23.9045,29.4688,77.85,29,20,5.75,few clouds
601,Karratha,AU,2022-03-30 13:26:28,-20.7377,116.8463,84.04,71,100,9.64,overcast clouds
602,Asyut,EG,2022-03-30 13:26:28,27.181,31.1837,88.79,6,0,14.85,clear sky
603,Aliwal North,ZA,2022-03-30 13:26:28,-30.6937,26.7114,80.98,30,100,14.03,overcast clouds
604,Vieste,IT,2022-03-30 13:26:29,41.8825,16.175,55.15,76,100,9.8,overcast clouds
605,Maba,CN,2022-03-30 13:26:29,24.6841,113.5984,70.56,94,8,1.16,clear sky
606,Jalu,LY,2022-03-30 13:26:30,29.0331,21.5482,79.95,17,1,3.27,clear sky
607,Pacific Grove,US,2022-03-30 13:26:30,36.6177,-121.9166,51.51,90,100,7.0,overcast clouds
608,Nola,IT,2022-03-30 13:26:31,40.922,14.5329,63.39,73,100,3.96,overcast clouds
609,Cascais,PT,2022-03-30 13:26:31,38.6979,-9.4215,64.51,61,20,28.99,few clouds
610,Wattegama,LK,2022-03-30 13:26:32,6.7989,81.4808,77.22,84,20,4.56,few clouds
611,Norman Wells,CA,2022-03-30 13:26:32,65.282,-126.8329,5.04,85,100,9.22,light snow
612,Santa Vitoria,BR,2022-03-30 13:26:32,-18.8386,-50.1214,82.26,50,5,8.23,clear sky
613,Setermoen,NO,2022-03-30 13:26:33,68.861,18.3486,31.96,67,100,5.01,overcast clouds
614,Malpe,IN,2022-03-30 13:26:33,13.35,74.7167,87.1,70,2,6.4,clear sky
615,Egvekinot,RU,2022-03-30 13:26:34,66.3167,-179.1667,-13.47,88,15,13.0,few clouds
616,Mehran,IR,2022-03-30 13:26:34,33.1222,46.1646,83.82,7,100,5.55,overcast clouds
617,Punta De Piedra,VE,2022-03-30 13:26:34,7.6176,-71.4916,85.12,49,55,1.9,broken clouds
618,Najran,SA,2022-03-30 13:26:35,17.4924,44.1277,83.05,11,0,15.1,clear sky
619,Were Ilu,ET,2022-03-30 13:26:36,10.6,39.4333,69.4,26,51,10.54,broken clouds
620,Silifke,TR,2022-03-30 13:26:36,36.3778,33.9344,66.78,46,0,9.31,clear sky
621,Atambua,ID,2022-03-30 13:26:37,-9.1061,124.8925,73.87,89,100,3.27,light rain
622,Uchiza,PE,2022-03-30 13:26:37,-8.4592,-76.4633,72.37,87,100,1.12,overcast clouds
623,Chunskiy,RU,2022-03-30 13:26:37,56.0815,99.6342,23.76,95,89,4.54,overcast clouds
624,Kalmar,SE,2022-03-30 13:26:38,56.6616,16.3616,39.15,31,0,10.36,clear sky
625,Port Macquarie,AU,2022-03-30 13:26:38,-31.4333,152.9167,66.88,95,92,23.49,overcast clouds
626,Villa Carlos Paz,AR,2022-03-30 13:26:38,-31.4241,-64.4978,58.39,19,42,10.0,scattered clouds
627,Necochea,AR,2022-03-30 13:26:39,-38.5473,-58.7368,52.11,70,100,23.85,moderate rain
628,Kalianget,ID,2022-03-30 13:27:39,-7.05,113.9333,81.19,78,33,3.51,scattered clouds
629,Rafai,CF,2022-03-30 13:27:40,4.95,23.9167,101.97,19,10,2.1,clear sky
630,Coos Bay,US,2022-03-30 13:27:40,43.3665,-124.2179,46.99,97,100,4.56,overcast clouds
631,Sompeta,IN,2022-03-30 13:27:40,18.9333,84.6,82.54,79,6,14.88,clear sky
632,Severnoye,RU,2022-03-30 13:27:41,56.3491,78.3619,27.77,83,94,15.68,overcast clouds
633,Caravelas,BR,2022-03-30 13:27:41,-17.7125,-39.2481,84.69,61,98,4.36,overcast clouds
634,Aswan,EG,2022-03-30 13:27:41,24.0934,32.907,94.71,8,0,12.91,clear sky
635,Merauke,ID,2022-03-30 13:27:42,-8.4667,140.3333,80.98,76,100,6.44,overcast clouds
636,Half Moon Bay,US,2022-03-30 13:27:42,37.4636,-122.4286,52.25,90,100,18.41,mist
637,San Cristobal,VE,2022-03-30 13:27:43,7.7669,-72.225,68.18,54,99,5.93,overcast clouds
638,Ahtopol,BG,2022-03-30 13:27:43,42.1,27.95,63.84,51,2,14.47,clear sky
639,Maniitsoq,GL,2022-03-30 13:27:43,65.4167,-52.9,22.84,87,16,8.63,few clouds
640,Hami,CN,2022-03-30 13:27:44,42.8,93.45,52.68,28,100,1.95,overcast clouds
641,Snasa,NO,2022-03-30 13:27:44,64.2457,12.3778,33.21,67,100,11.12,overcast clouds
642,Qrendi,MT,2022-03-30 13:27:45,35.8347,14.4583,63.1,77,100,16.11,overcast clouds
643,Nome,US,2022-03-30 13:27:45,64.5011,-165.4064,30.27,80,100,18.41,light snow
644,Koroni,GR,2022-03-30 13:27:45,36.8,21.95,64.11,74,100,6.6,overcast clouds
645,Manado,ID,2022-03-30 13:27:46,1.487,124.8455,77.77,94,20,0.0,few clouds
646,Catuday,PH,2022-03-30 13:27:46,16.2923,119.8062,81.16,78,84,9.13,broken clouds
647,Bloemfontein,ZA,2022-03-30 13:27:47,-29.1211,26.214,80.08,34,40,8.05,scattered clouds
648,Vila,PT,2022-03-30 13:27:47,42.0304,-8.1588,52.68,54,94,6.53,overcast clouds
649,Urengoy,RU,2022-03-30 13:27:48,65.9667,78.3667,30.34,95,100,15.17,light snow
650,Aden,YE,2022-03-30 13:24:40,12.7794,45.0367,81.91,63,79,9.66,broken clouds
651,Seoul,KR,2022-03-30 13:23:38,37.5683,126.9778,51.19,87,100,6.91,mist
652,Dudinka,RU,2022-03-30 13:27:48,69.4058,86.1778,24.62,96,100,15.08,light snow
653,Redmond,US,2022-03-30 13:27:49,47.674,-122.1215,48.13,82,98,4.0,overcast clouds
654,Savinskiy,RU,2022-03-30 13:27:49,62.9342,40.1361,25.18,84,100,9.62,light snow
655,Liverpool,GB,2022-03-30 13:27:49,53.4106,-2.9779,44.15,85,75,14.97,light rain
656,Talavera De La Reina,ES,2022-03-30 13:27:50,39.9635,-4.8308,58.8,67,45,3.11,light rain
657,Zhuanghe,CN,2022-03-30 13:27:50,39.7008,122.9911,43.54,56,2,8.86,clear sky
658,Belyy Yar,RU,2022-03-30 13:27:51,53.6039,91.3903,37.85,50,0,4.47,clear sky
659,Yaan,NG,2022-03-30 13:27:51,7.3833,8.5667,101.89,20,100,3.33,overcast clouds
660,Zabolotiv,UA,2022-03-30 13:27:51,48.4705,25.2857,55.2,62,90,7.34,overcast clouds
661,Kurmanayevka,RU,2022-03-30 13:27:52,52.5093,52.0675,35.64,100,100,11.43,overcast clouds
662,Humboldt,US,2022-03-30 13:27:52,40.6665,-123.9178,40.68,97,100,2.17,overcast clouds
663,Nara,JP,2022-03-30 13:27:22,34.6851,135.8049,60.12,70,100,1.14,overcast clouds
664,Bereda,ES,2022-03-30 13:27:53,43.2686,-7.5406,53.58,100,61,6.62,broken clouds
665,Southbridge,US,2022-03-30 13:26:21,42.0751,-72.0334,34.45,48,7,1.99,clear sky
666,Lebowakgomo,ZA,2022-03-30 13:27:53,-24.2,29.5,79.7,28,0,3.98,clear sky
667,San Andres,CO,2022-03-30 13:27:54,12.5847,-81.7006,82.42,69,75,9.22,broken clouds
668,Lubao,PH,2022-03-30 13:27:54,14.9167,120.55,84.27,71,9,7.05,clear sky
669,Viedma,AR,2022-03-30 13:27:55,-40.8135,-62.9967,54.16,44,100,24.05,overcast clouds
670,Mayo,US,2022-03-30 13:27:55,38.8876,-76.5119,42.13,72,100,6.91,overcast clouds
671,Akyab,MM,2022-03-30 13:28:56,20.15,92.9,81.5,78,72,5.17,broken clouds
672,Haines Junction,CA,2022-03-30 13:28:56,60.7522,-137.5108,30.15,93,100,0.0,overcast clouds
673,Chumikan,RU,2022-03-30 13:28:56,54.7183,135.315,11.57,84,75,5.99,broken clouds
674,Manama,BH,2022-03-30 13:24:23,26.2154,50.5832,80.78,55,0,18.41,clear sky
675,Kinlochleven,GB,2022-03-30 13:28:57,56.7115,-4.9661,42.62,42,100,9.51,overcast clouds
676,Sorong,ID,2022-03-30 13:28:57,-0.8833,131.25,82.6,74,23,8.66,few clouds
677,Anapskaya,RU,2022-03-30 13:28:58,44.89,37.38,57.43,58,0,17.9,clear sky
678,Halifax,CA,2022-03-30 13:28:58,44.6453,-63.5724,30.2,68,75,18.41,broken clouds
679,Neiafu,TO,2022-03-30 13:28:58,-18.65,-173.9833,77.68,94,100,0.0,light rain
680,Ankang,CN,2022-03-30 13:28:59,32.68,109.0172,57.06,89,100,3.47,light rain
681,Mampong,GH,2022-03-30 13:28:59,7.0627,-1.4001,95.16,35,100,2.08,overcast clouds
682,Waren,DE,2022-03-30 13:29:00,53.5167,12.6833,43.12,56,100,8.23,overcast clouds
683,Beira,MZ,2022-03-30 13:29:00,-19.8436,34.8389,84.29,58,20,10.36,few clouds
684,Nizwa,OM,2022-03-30 13:29:00,22.9333,57.5333,93.97,12,0,13.18,clear sky
685,Plunge,LT,2022-03-30 13:29:01,55.9114,21.8442,34.39,27,96,6.69,overcast clouds
686,Manoharpur,IN,2022-03-30 13:29:01,27.3,75.95,92.77,9,0,7.27,clear sky
687,Srednekolymsk,RU,2022-03-30 13:29:01,67.45,153.6833,-6.29,98,100,3.89,overcast clouds
688,Abalak,RU,2022-03-30 13:29:02,58.1286,68.5944,33.31,91,100,10.87,overcast clouds
689,Nadym,RU,2022-03-30 13:29:02,65.5333,72.5167,29.52,97,100,17.52,light snow
690,Tomari,RU,2022-03-30 13:29:03,47.7658,142.0683,30.27,66,10,18.57,clear sky
691,Bilibino,RU,2022-03-30 13:29:03,68.0546,166.4372,-3.89,85,100,4.63,overcast clouds
692,Bani Walid,LY,2022-03-30 13:29:04,31.7566,13.9942,89.53,10,100,15.99,overcast clouds
693,Rutana,BI,2022-03-30 13:29:04,-3.8667,30.1,65.64,83,100,3.36,moderate rain
694,Xining,CN,2022-03-30 13:29:04,36.6167,101.7667,41.0,40,100,19.62,overcast clouds
695,Gorontalo,ID,2022-03-30 13:29:05,0.5412,123.0595,76.06,94,100,2.89,light rain
696,Dromolaxia,CY,2022-03-30 13:29:05,34.8761,33.586,74.44,45,20,11.01,few clouds
697,Mafinga,TZ,2022-03-30 13:29:05,-7.25,35.0667,70.68,78,100,3.98,overcast clouds
698,Lakes Entrance,AU,2022-03-30 13:29:06,-37.8811,147.981,58.15,88,75,11.52,light rain
699,Micesti,RO,2022-03-30 13:29:06,44.95,24.8667,70.25,30,94,13.09,overcast clouds
700,Richards Bay,ZA,2022-03-30 13:29:07,-28.783,32.0377,91.27,42,8,16.24,clear sky
701,Kilindoni,TZ,2022-03-30 13:29:07,-7.9139,39.6668,79.27,82,100,9.37,overcast clouds
702,Ongandjera,NA,2022-03-30 13:29:08,-17.8833,15.0667,88.56,30,78,6.73,broken clouds
703,Challapata,BO,2022-03-30 13:29:08,-18.9,-66.7667,53.64,34,72,2.08,broken clouds
704,Yumen,CN,2022-03-30 13:29:08,40.2833,97.2,47.39,19,6,2.13,clear sky
705,Tena,EC,2022-03-30 13:29:09,-0.9833,-77.8167,69.96,81,63,0.56,broken clouds
706,Nago,JP,2022-03-30 13:29:09,26.5881,127.9761,72.45,90,100,8.9,overcast clouds
707,Fort-Shevchenko,KZ,2022-03-30 13:29:10,44.5086,50.263,49.62,59,100,18.7,overcast clouds
708,Santa Engracia,ES,2022-03-30 13:29:10,41.9406,-1.3245,62.19,53,100,22.1,overcast clouds
709,Bosaso,SO,2022-03-30 13:29:10,11.2842,49.1816,84.18,74,40,11.5,scattered clouds
710,Lake City,US,2022-03-30 13:29:11,30.1897,-82.6393,67.86,88,0,8.05,clear sky
711,Ilabaya,PE,2022-03-30 13:29:11,-17.4208,-70.5133,69.73,52,17,4.29,few clouds
712,Fuxin,CN,2022-03-30 13:29:12,42.0156,121.6589,38.73,31,64,5.1,broken clouds
713,Tanout,NE,2022-03-30 13:29:12,14.9709,8.8879,95.13,2,100,18.07,overcast clouds
714,Barranca,PE,2022-03-30 13:29:13,-10.75,-77.7667,69.26,83,100,6.11,overcast clouds
715,Vydrino,RU,2022-03-30 13:29:13,51.485,104.8461,16.48,92,25,4.34,scattered clouds
716,San Matias,BO,2022-03-30 13:29:14,-16.3667,-58.4,82.53,71,100,8.01,overcast clouds
717,Tenenkou,ML,2022-03-30 13:29:14,14.4572,-4.9169,104.4,3,12,8.99,few clouds
718,Luau,AO,2022-03-30 13:29:14,-10.7073,22.2247,72.91,79,100,5.28,light rain
